ProjectID_x,Framefile,Nfish_x,Sex_x,Box_x,User_x,ProjectID_y,Nfish_y,Sex_y,Box_y,User_y,Same_Nfish,IOU Score_calculated
MC_fem_con1,MC_fem_con1_0001_vid_10048.jpg,1,f,"(1041, 258, 22, 190)",rhiyasharma,MC_fem_con1,0,"(0,)","(0,)",priya,FALSE,0
MC_fem_con1,MC_fem_con1_0001_vid_103730.jpg,1,f,"(643, 541, 105, 53)",rhiyasharma,MC_fem_con1,1,m,"(641, 527, 123, 81)",priya,TRUE,0.558566697
MC_fem_con1,MC_fem_con1_0001_vid_108127.jpg,1,f,"(831, 25, 106, 38)",rhiyasharma,MC_fem_con1,2,m,"(836, 23, 100, 50)",priya,FALSE,0.726855394
MC_fem_con1,MC_fem_con1_0001_vid_108127.jpg,1,f,"(831, 25, 106, 38)",rhiyasharma,MC_fem_con1,2,m,"(836, 23, 100, 50)",priya,FALSE,0.726855394
MC_fem_con1,MC_fem_con1_0001_vid_112744.jpg,1,f,"(511, 903, 109, 49)",rhiyasharma,MC_fem_con1,2,m,"(506, 890, 106, 62)",priya,FALSE,0.710654796
MC_fem_con1,MC_fem_con1_0001_vid_112744.jpg,1,f,"(511, 903, 109, 49)",rhiyasharma,MC_fem_con1,2,m,"(506, 890, 106, 62)",priya,FALSE,0.710654796
MC_fem_con1,MC_fem_con1_0001_vid_118159.jpg,0,"(0,)","(0,)",rhiyasharma,MC_fem_con1,0,"(0,)","(0,)",priya,TRUE,1
MC_fem_con1,MC_fem_con1_0001_vid_122266.jpg,2,f,"(60, 859, 85, 91)",rhiyasharma,MC_fem_con1,2,m,"(49, 853, 81, 90)",priya,TRUE,0.642974303
MC_fem_con1,MC_fem_con1_0001_vid_122266.jpg,2,f,"(60, 859, 85, 91)",rhiyasharma,MC_fem_con1,2,m,"(462, 893, 68, 71)",priya,TRUE,0
MC_fem_con1,MC_fem_con1_0001_vid_122266.jpg,2,f,"(477, 908, 42, 61)",rhiyasharma,MC_fem_con1,2,m,"(49, 853, 81, 90)",priya,TRUE,0
MC_fem_con1,MC_fem_con1_0001_vid_122266.jpg,2,f,"(477, 908, 42, 61)",rhiyasharma,MC_fem_con1,2,m,"(462, 893, 68, 71)",priya,TRUE,0.466851925
MC_fem_con1,MC_fem_con1_0001_vid_142263.jpg,0,"(0,)","(0,)",rhiyasharma,MC_fem_con1,0,"(0,)","(0,)",priya,TRUE,1
MC_fem_con1,MC_fem_con1_0001_vid_148312.jpg,0,"(0,)","(0,)",rhiyasharma,MC_fem_con1,0,"(0,)","(0,)",priya,TRUE,1
MC_fem_con1,MC_fem_con1_0001_vid_149016.jpg,0,"(0,)","(0,)",rhiyasharma,MC_fem_con1,0,"(0,)","(0,)",priya,TRUE,1
MC_fem_con1,MC_fem_con1_0001_vid_149309.jpg,1,f,"(678, 477, 192, 65)",rhiyasharma,MC_fem_con1,1,m,"(678, 480, 191, 63)",priya,TRUE,0.934575014
MC_fem_con1,MC_fem_con1_0001_vid_152055.jpg,1,f,"(138, 0, 160, 85)",rhiyasharma,MC_fem_con1,1,m,"(136, 0, 152, 75)",priya,TRUE,0.818181818
MC_fem_con1,MC_fem_con1_0001_vid_16250.jpg,2,f,"(372, 905, 159, 64)",rhiyasharma,MC_fem_con1,2,m,"(375, 902, 148, 65)",priya,TRUE,0.864030132
MC_fem_con1,MC_fem_con1_0001_vid_16250.jpg,2,f,"(372, 905, 159, 64)",rhiyasharma,MC_fem_con1,2,m,"(890, 140, 62, 102)",priya,TRUE,0
MC_fem_con1,MC_fem_con1_0001_vid_16250.jpg,2,f,"(871, 143, 78, 126)",rhiyasharma,MC_fem_con1,2,m,"(375, 902, 148, 65)",priya,TRUE,0
MC_fem_con1,MC_fem_con1_0001_vid_16250.jpg,2,f,"(871, 143, 78, 126)",rhiyasharma,MC_fem_con1,2,m,"(890, 140, 62, 102)",priya,TRUE,0.566482397
MC_fem_con1,MC_fem_con1_0001_vid_16348.jpg,1,f,"(492, 43, 126, 74)",rhiyasharma,MC_fem_con1,1,m,"(477, 42, 159, 74)",priya,TRUE,0.77346115
MC_fem_con1,MC_fem_con1_0001_vid_185128.jpg,1,f,"(580, 416, 121, 58)",rhiyasharma,MC_fem_con1,0,"(0,)","(0,)",priya,FALSE,0
MC_fem_con1,MC_fem_con1_0001_vid_191703.jpg,1,f,"(691, 159, 83, 88)",rhiyasharma,MC_fem_con1,1,m,"(677, 147, 101, 104)",priya,TRUE,0.695354151
MC_fem_con1,MC_fem_con1_0001_vid_200696.jpg,1,f,"(764, 390, 64, 118)",rhiyasharma,MC_fem_con1,0,"(0,)","(0,)",priya,FALSE,0
MC_fem_con1,MC_fem_con1_0001_vid_209056.jpg,1,f,"(503, 922, 63, 49)",rhiyasharma,MC_fem_con1,0,"(0,)","(0,)",priya,FALSE,0
MC_fem_con1,MC_fem_con1_0001_vid_210662.jpg,3,f,"(98, 105, 125, 101)",rhiyasharma,MC_fem_con1,3,m,"(90, 110, 137, 106)",priya,TRUE,0.792236086
MC_fem_con1,MC_fem_con1_0001_vid_210662.jpg,3,f,"(98, 105, 125, 101)",rhiyasharma,MC_fem_con1,3,m,"(3, 712, 70, 209)",priya,TRUE,0
MC_fem_con1,MC_fem_con1_0001_vid_210662.jpg,3,f,"(98, 105, 125, 101)",rhiyasharma,MC_fem_con1,3,m,"(79, 6, 227, 58)",priya,TRUE,0
MC_fem_con1,MC_fem_con1_0001_vid_210662.jpg,3,f,"(89, 0, 198, 54)",rhiyasharma,MC_fem_con1,3,m,"(90, 110, 137, 106)",priya,TRUE,0
MC_fem_con1,MC_fem_con1_0001_vid_210662.jpg,3,f,"(89, 0, 198, 54)",rhiyasharma,MC_fem_con1,3,m,"(3, 712, 70, 209)",priya,TRUE,0
MC_fem_con1,MC_fem_con1_0001_vid_210662.jpg,3,f,"(89, 0, 198, 54)",rhiyasharma,MC_fem_con1,3,m,"(79, 6, 227, 58)",priya,TRUE,0.66211509
MC_fem_con1,MC_fem_con1_0001_vid_210662.jpg,3,f,"(13, 713, 41, 206)",rhiyasharma,MC_fem_con1,3,m,"(90, 110, 137, 106)",priya,TRUE,0
MC_fem_con1,MC_fem_con1_0001_vid_210662.jpg,3,f,"(13, 713, 41, 206)",rhiyasharma,MC_fem_con1,3,m,"(3, 712, 70, 209)",priya,TRUE,0.577306904
MC_fem_con1,MC_fem_con1_0001_vid_210662.jpg,3,f,"(13, 713, 41, 206)",rhiyasharma,MC_fem_con1,3,m,"(79, 6, 227, 58)",priya,TRUE,0
MC_fem_con1,MC_fem_con1_0001_vid_215603.jpg,1,f,"(117, 196, 46, 78)",rhiyasharma,MC_fem_con1,0,"(0,)","(0,)",priya,FALSE,0
MC_fem_con1,MC_fem_con1_0001_vid_218128.jpg,1,f,"(514, 96, 114, 105)",rhiyasharma,MC_fem_con1,1,m,"(493, 88, 130, 102)",priya,TRUE,0.683796049
MC_fem_con1,MC_fem_con1_0001_vid_219982.jpg,2,f,"(0, 480, 91, 164)",rhiyasharma,MC_fem_con1,2,m,"(97, 179, 76, 150)",priya,TRUE,0
MC_fem_con1,MC_fem_con1_0001_vid_219982.jpg,2,f,"(0, 480, 91, 164)",rhiyasharma,MC_fem_con1,2,m,"(1, 467, 96, 165)",priya,TRUE,0.800749239
MC_fem_con1,MC_fem_con1_0001_vid_219982.jpg,2,f,"(112, 171, 41, 144)",rhiyasharma,MC_fem_con1,2,m,"(97, 179, 76, 150)",priya,TRUE,0.475443383
MC_fem_con1,MC_fem_con1_0001_vid_219982.jpg,2,f,"(112, 171, 41, 144)",rhiyasharma,MC_fem_con1,2,m,"(1, 467, 96, 165)",priya,TRUE,0
MC_fem_con1,MC_fem_con1_0001_vid_222374.jpg,0,"(0,)","(0,)",rhiyasharma,MC_fem_con1,0,"(0,)","(0,)",priya,TRUE,1
MC_fem_con1,MC_fem_con1_0001_vid_22325.jpg,0,"(0,)","(0,)",rhiyasharma,MC_fem_con1,0,"(0,)","(0,)",priya,TRUE,1
MC_fem_con1,MC_fem_con1_0001_vid_223331.jpg,0,"(0,)","(0,)",rhiyasharma,MC_fem_con1,0,"(0,)","(0,)",priya,TRUE,1
MC_fem_con1,MC_fem_con1_0001_vid_224285.jpg,0,"(0,)","(0,)",rhiyasharma,MC_fem_con1,0,"(0,)","(0,)",priya,TRUE,1
MC_fem_con1,MC_fem_con1_0001_vid_231088.jpg,0,"(0,)","(0,)",rhiyasharma,MC_fem_con1,0,"(0,)","(0,)",priya,TRUE,1
MC_fem_con1,MC_fem_con1_0001_vid_233831.jpg,1,f,"(641, 544, 59, 115)",rhiyasharma,MC_fem_con1,1,m,"(651, 523, 52, 135)",priya,TRUE,0.679644726
MC_fem_con1,MC_fem_con1_0001_vid_234875.jpg,0,"(0,)","(0,)",rhiyasharma,MC_fem_con1,0,"(0,)","(0,)",priya,TRUE,1
MC_fem_con1,MC_fem_con1_0001_vid_240511.jpg,1,f,"(249, 411, 83, 88)",rhiyasharma,MC_fem_con1,0,"(0,)","(0,)",priya,FALSE,0
MC_fem_con1,MC_fem_con1_0001_vid_34213.jpg,1,f,"(290, 911, 156, 59)",rhiyasharma,MC_fem_con1,1,m,"(316, 912, 144, 42)",priya,TRUE,0.557598039
MC_fem_con1,MC_fem_con1_0001_vid_34511.jpg,0,"(0,)","(0,)",rhiyasharma,MC_fem_con1,0,"(0,)","(0,)",priya,TRUE,1
MC_fem_con1,MC_fem_con1_0001_vid_37205.jpg,1,f,"(422, 13, 75, 142)",rhiyasharma,MC_fem_con1,1,m,"(392, 0, 107, 130)",priya,TRUE,0.555907507
MC_fem_con1,MC_fem_con1_0001_vid_40236.jpg,1,f,"(890, 511, 37, 134)",rhiyasharma,MC_fem_con1,1,m,"(884, 510, 52, 131)",priya,TRUE,0.691091954
MC_fem_con1,MC_fem_con1_0001_vid_44577.jpg,1,f,"(286, 130, 130, 25)",rhiyasharma,MC_fem_con1,1,m,"(280, 117, 143, 49)",priya,TRUE,0.463821892
MC_fem_con1,MC_fem_con1_0001_vid_46051.jpg,1,f,"(529, 31, 136, 70)",rhiyasharma,MC_fem_con1,1,m,"(530, 34, 124, 61)",priya,TRUE,0.794537815
MC_fem_con1,MC_fem_con1_0001_vid_49477.jpg,2,f,"(83, 515, 50, 138)",rhiyasharma,MC_fem_con1,2,m,"(84, 510, 50, 120)",priya,TRUE,0.775636614
MC_fem_con1,MC_fem_con1_0001_vid_49477.jpg,2,f,"(83, 515, 50, 138)",rhiyasharma,MC_fem_con1,2,m,"(282, 925, 76, 42)",priya,TRUE,0
MC_fem_con1,MC_fem_con1_0001_vid_49477.jpg,2,f,"(292, 925, 58, 46)",rhiyasharma,MC_fem_con1,2,m,"(84, 510, 50, 120)",priya,TRUE,0
MC_fem_con1,MC_fem_con1_0001_vid_49477.jpg,2,f,"(292, 925, 58, 46)",rhiyasharma,MC_fem_con1,2,m,"(282, 925, 76, 42)",priya,TRUE,0.711448598
MC_fem_con1,MC_fem_con1_0001_vid_55554.jpg,1,f,"(345, 907, 117, 42)",rhiyasharma,MC_fem_con1,1,m,"(329, 901, 146, 50)",priya,TRUE,0.673150685
MC_fem_con1,MC_fem_con1_0001_vid_60902.jpg,2,f,"(170, 915, 82, 56)",rhiyasharma,MC_fem_con1,1,m,"(164, 912, 98, 53)",priya,FALSE,0.721069293
MC_fem_con1,MC_fem_con1_0001_vid_60902.jpg,2,f,"(785, 333, 58, 133)",rhiyasharma,MC_fem_con1,1,m,"(164, 912, 98, 53)",priya,FALSE,0
MC_fem_con1,MC_fem_con1_0001_vid_70874.jpg,2,f,"(92, 664, 28, 101)",rhiyasharma,MC_fem_con1,1,m,"(84, 658, 50, 98)",priya,FALSE,0.5
MC_fem_con1,MC_fem_con1_0001_vid_70874.jpg,2,f,"(698, 902, 146, 18)",rhiyasharma,MC_fem_con1,1,m,"(84, 658, 50, 98)",priya,FALSE,0
MC_fem_con1,MC_fem_con1_0001_vid_7518.jpg,1,f,"(763, 306, 47, 134)",rhiyasharma,MC_fem_con1,1,m,"(753, 301, 57, 118)",priya,TRUE,0.688577726
MC_fem_con1,MC_fem_con1_0001_vid_75696.jpg,1,f,"(429, 902, 30, 69)",rhiyasharma,MC_fem_con1,1,m,"(412, 904, 57, 58)",priya,TRUE,0.478547855
MC_fem_con1,MC_fem_con1_0001_vid_77313.jpg,2,f,"(872, 482, 44, 142)",rhiyasharma,MC_fem_con1,2,m,"(860, 479, 55, 135)",priya,TRUE,0.709766162
MC_fem_con1,MC_fem_con1_0001_vid_77313.jpg,2,f,"(872, 482, 44, 142)",rhiyasharma,MC_fem_con1,2,m,"(214, 902, 148, 45)",priya,TRUE,0
MC_fem_con1,MC_fem_con1_0001_vid_77313.jpg,2,f,"(233, 909, 133, 34)",rhiyasharma,MC_fem_con1,2,m,"(860, 479, 55, 135)",priya,TRUE,0
MC_fem_con1,MC_fem_con1_0001_vid_77313.jpg,2,f,"(233, 909, 133, 34)",rhiyasharma,MC_fem_con1,2,m,"(214, 902, 148, 45)",priya,TRUE,0.645379635
MC_fem_con1,MC_fem_con1_0001_vid_78806.jpg,1,f,"(267, 81, 89, 34)",rhiyasharma,MC_fem_con1,1,m,"(253, 79, 148, 33)",priya,TRUE,0.535624151
MC_fem_con1,MC_fem_con1_0001_vid_88896.jpg,0,"(0,)","(0,)",rhiyasharma,MC_fem_con1,0,"(0,)","(0,)",priya,TRUE,1
MC_fem_con1,MC_fem_con1_0002_vid_1035226.jpg,1,f,"(416, 416, 110, 93)",rhiyasharma,MC_fem_con1,0,"(0,)","(0,)",priya,FALSE,0
MC_fem_con1,MC_fem_con1_0002_vid_1037809.jpg,1,f,"(446, 78, 143, 64)",rhiyasharma,MC_fem_con1,1,m,"(416, 58, 179, 89)",priya,TRUE,0.574477434
MC_fem_con1,MC_fem_con1_0002_vid_1058751.jpg,0,"(0,)","(0,)",rhiyasharma,MC_fem_con1,0,"(0,)","(0,)",priya,TRUE,1
MC_fem_con1,MC_fem_con1_0002_vid_10836.jpg,0,"(0,)","(0,)",rhiyasharma,MC_fem_con1,0,"(0,)","(0,)",priya,TRUE,1
MC_fem_con1,MC_fem_con1_0002_vid_129332.jpg,1,f,"(493, 470, 110, 91)",rhiyasharma,MC_fem_con1,0,"(0,)","(0,)",priya,FALSE,0
MC_fem_con1,MC_fem_con1_0002_vid_149004.jpg,1,f,"(779, 20, 132, 82)",rhiyasharma,MC_fem_con1,0,"(0,)","(0,)",priya,FALSE,0
MC_fem_con1,MC_fem_con1_0002_vid_177284.jpg,1,f,"(618, 459, 117, 45)",rhiyasharma,MC_fem_con1,1,m,"(638, 447, 135, 50)",priya,TRUE,0.442550126
MC_fem_con1,MC_fem_con1_0002_vid_234365.jpg,1,f,"(802, 284, 83, 59)",rhiyasharma,MC_fem_con1,1,m,"(817, 284, 67, 45)",priya,TRUE,0.615683071
MC_fem_con1,MC_fem_con1_0002_vid_235480.jpg,0,"(0,)","(0,)",rhiyasharma,MC_fem_con1,0,"(0,)","(0,)",priya,TRUE,1
MC_fem_con1,MC_fem_con1_0002_vid_247351.jpg,0,"(0,)","(0,)",rhiyasharma,MC_fem_con1,1,m,"(42, 69, 38, 150)",priya,FALSE,0
MC_fem_con1,MC_fem_con1_0002_vid_249167.jpg,1,f,"(661, 367, 54, 95)",rhiyasharma,MC_fem_con1,1,m,"(675, 329, 31, 124)",priya,TRUE,0.42263792
MC_fem_con1,MC_fem_con1_0002_vid_2618.jpg,0,"(0,)","(0,)",rhiyasharma,MC_fem_con1,0,"(0,)","(0,)",priya,TRUE,1
MC_fem_con1,MC_fem_con1_0002_vid_287897.jpg,1,f,"(455, 690, 82, 135)",rhiyasharma,MC_fem_con1,1,m,"(460, 678, 76, 150)",priya,TRUE,0.84029484
MC_fem_con1,MC_fem_con1_0002_vid_30635.jpg,0,"(0,)","(0,)",rhiyasharma,MC_fem_con1,0,"(0,)","(0,)",priya,TRUE,1
MC_fem_con1,MC_fem_con1_0002_vid_320223.jpg,1,f,"(689, 766, 88, 46)",rhiyasharma,MC_fem_con1,1,m,"(680, 777, 85, 33)",priya,TRUE,0.57721519
MC_fem_con1,MC_fem_con1_0002_vid_33370.jpg,0,"(0,)","(0,)",rhiyasharma,MC_fem_con1,0,"(0,)","(0,)",priya,TRUE,1
MC_fem_con1,MC_fem_con1_0002_vid_339953.jpg,2,f,"(772, 434, 32, 116)",rhiyasharma,MC_fem_con1,2,m,"(671, 901, 165, 48)",priya,TRUE,0
MC_fem_con1,MC_fem_con1_0002_vid_339953.jpg,2,f,"(772, 434, 32, 116)",rhiyasharma,MC_fem_con1,2,m,"(764, 429, 46, 129)",priya,TRUE,0.625547691
MC_fem_con1,MC_fem_con1_0002_vid_339953.jpg,2,f,"(678, 906, 200, 33)",rhiyasharma,MC_fem_con1,2,m,"(671, 901, 165, 48)",priya,TRUE,0.560283688
MC_fem_con1,MC_fem_con1_0002_vid_339953.jpg,2,f,"(678, 906, 200, 33)",rhiyasharma,MC_fem_con1,2,m,"(764, 429, 46, 129)",priya,TRUE,0
MC_fem_con1,MC_fem_con1_0002_vid_46275.jpg,0,"(0,)","(0,)",rhiyasharma,MC_fem_con1,0,"(0,)","(0,)",priya,TRUE,1
MC_fem_con1,MC_fem_con1_0002_vid_475617.jpg,0,"(0,)","(0,)",rhiyasharma,MC_fem_con1,0,"(0,)","(0,)",priya,TRUE,1
MC_fem_con1,MC_fem_con1_0002_vid_487801.jpg,0,"(0,)","(0,)",rhiyasharma,MC_fem_con1,0,"(0,)","(0,)",priya,TRUE,1
MC_fem_con1,MC_fem_con1_0002_vid_488267.jpg,1,f,"(180, 890, 62, 81)",rhiyasharma,MC_fem_con1,1,m,"(164, 893, 81, 76)",priya,TRUE,0.728734921
MC_fem_con1,MC_fem_con1_0002_vid_530822.jpg,0,"(0,)","(0,)",rhiyasharma,MC_fem_con1,0,"(0,)","(0,)",priya,TRUE,1
MC_fem_con1,MC_fem_con1_0002_vid_544569.jpg,0,"(0,)","(0,)",rhiyasharma,MC_fem_con1,0,"(0,)","(0,)",priya,TRUE,1
MC_fem_con1,MC_fem_con1_0002_vid_54908.jpg,1,f,"(34, 891, 120, 74)",rhiyasharma,MC_fem_con1,0,"(0,)","(0,)",priya,FALSE,0
MC_fem_con1,MC_fem_con1_0002_vid_556404.jpg,0,"(0,)","(0,)",rhiyasharma,MC_fem_con1,0,"(0,)","(0,)",priya,TRUE,1
MC_fem_con1,MC_fem_con1_0002_vid_611100.jpg,0,"(0,)","(0,)",rhiyasharma,MC_fem_con1,0,"(0,)","(0,)",priya,TRUE,1
MC_fem_con1,MC_fem_con1_0002_vid_667091.jpg,0,"(0,)","(0,)",rhiyasharma,MC_fem_con1,0,"(0,)","(0,)",priya,TRUE,1
MC_fem_con1,MC_fem_con1_0002_vid_701586.jpg,0,"(0,)","(0,)",rhiyasharma,MC_fem_con1,0,"(0,)","(0,)",priya,TRUE,1
MC_fem_con1,MC_fem_con1_0002_vid_725216.jpg,4,f,"(33, 937, 39, 34)",rhiyasharma,MC_fem_con1,3,m,"(79, 660, 29, 96)",priya,FALSE,0
MC_fem_con1,MC_fem_con1_0002_vid_725216.jpg,4,f,"(33, 937, 39, 34)",rhiyasharma,MC_fem_con1,3,m,"(34, 853, 206, 38)",priya,FALSE,0
MC_fem_con1,MC_fem_con1_0002_vid_725216.jpg,4,f,"(33, 937, 39, 34)",rhiyasharma,MC_fem_con1,3,m,"(216, 828, 90, 141)",priya,FALSE,0
MC_fem_con1,MC_fem_con1_0002_vid_725216.jpg,4,f,"(34, 853, 207, 37)",rhiyasharma,MC_fem_con1,3,m,"(79, 660, 29, 96)",priya,FALSE,0
MC_fem_con1,MC_fem_con1_0002_vid_725216.jpg,4,f,"(34, 853, 207, 37)",rhiyasharma,MC_fem_con1,3,m,"(34, 853, 206, 38)",priya,FALSE,0.969103624
MC_fem_con1,MC_fem_con1_0002_vid_725216.jpg,4,f,"(34, 853, 207, 37)",rhiyasharma,MC_fem_con1,3,m,"(216, 828, 90, 141)",priya,FALSE,0.047621499
MC_fem_con1,MC_fem_con1_0002_vid_725216.jpg,4,f,"(228, 848, 90, 123)",rhiyasharma,MC_fem_con1,3,m,"(79, 660, 29, 96)",priya,FALSE,0
MC_fem_con1,MC_fem_con1_0002_vid_725216.jpg,4,f,"(228, 848, 90, 123)",rhiyasharma,MC_fem_con1,3,m,"(34, 853, 206, 38)",priya,FALSE,0.024726169
MC_fem_con1,MC_fem_con1_0002_vid_725216.jpg,4,f,"(228, 848, 90, 123)",rhiyasharma,MC_fem_con1,3,m,"(216, 828, 90, 141)",priya,FALSE,0.658986175
MC_fem_con1,MC_fem_con1_0002_vid_725216.jpg,4,f,"(71, 655, 38, 96)",rhiyasharma,MC_fem_con1,3,m,"(79, 660, 29, 96)",priya,FALSE,0.695755339
MC_fem_con1,MC_fem_con1_0002_vid_725216.jpg,4,f,"(71, 655, 38, 96)",rhiyasharma,MC_fem_con1,3,m,"(34, 853, 206, 38)",priya,FALSE,0
MC_fem_con1,MC_fem_con1_0002_vid_725216.jpg,4,f,"(71, 655, 38, 96)",rhiyasharma,MC_fem_con1,3,m,"(216, 828, 90, 141)",priya,FALSE,0
MC_fem_con1,MC_fem_con1_0002_vid_817785.jpg,3,f,"(422, 603, 89, 117)",rhiyasharma,MC_fem_con1,3,m,"(414, 595, 76, 113)",priya,TRUE,0.601972852
MC_fem_con1,MC_fem_con1_0002_vid_817785.jpg,3,f,"(422, 603, 89, 117)",rhiyasharma,MC_fem_con1,3,m,"(351, 721, 79, 215)",priya,TRUE,0
MC_fem_con1,MC_fem_con1_0002_vid_817785.jpg,3,f,"(422, 603, 89, 117)",rhiyasharma,MC_fem_con1,3,m,"(206, 360, 67, 248)",priya,TRUE,0
MC_fem_con1,MC_fem_con1_0002_vid_817785.jpg,3,f,"(358, 735, 71, 206)",rhiyasharma,MC_fem_con1,3,m,"(414, 595, 76, 113)",priya,TRUE,0
MC_fem_con1,MC_fem_con1_0002_vid_817785.jpg,3,f,"(358, 735, 71, 206)",rhiyasharma,MC_fem_con1,3,m,"(351, 721, 79, 215)",priya,TRUE,0.823010381
MC_fem_con1,MC_fem_con1_0002_vid_817785.jpg,3,f,"(358, 735, 71, 206)",rhiyasharma,MC_fem_con1,3,m,"(206, 360, 67, 248)",priya,TRUE,0
MC_fem_con1,MC_fem_con1_0002_vid_817785.jpg,3,f,"(207, 369, 62, 225)",rhiyasharma,MC_fem_con1,3,m,"(414, 595, 76, 113)",priya,TRUE,0
MC_fem_con1,MC_fem_con1_0002_vid_817785.jpg,3,f,"(207, 369, 62, 225)",rhiyasharma,MC_fem_con1,3,m,"(351, 721, 79, 215)",priya,TRUE,0
MC_fem_con1,MC_fem_con1_0002_vid_817785.jpg,3,f,"(207, 369, 62, 225)",rhiyasharma,MC_fem_con1,3,m,"(206, 360, 67, 248)",priya,TRUE,0.839552239
MC_fem_con1,MC_fem_con1_0002_vid_836468.jpg,1,f,"(35, 259, 82, 145)",rhiyasharma,MC_fem_con1,1,m,"(21, 219, 84, 182)",priya,TRUE,0.57663302
MC_fem_con1,MC_fem_con1_0002_vid_855745.jpg,0,"(0,)","(0,)",rhiyasharma,MC_fem_con1,0,"(0,)","(0,)",priya,TRUE,1
MC_fem_con1,MC_fem_con1_0002_vid_86094.jpg,2,f,"(313, 703, 120, 67)",rhiyasharma,MC_fem_con1,2,m,"(314, 690, 113, 77)",priya,TRUE,0.760542644
MC_fem_con1,MC_fem_con1_0002_vid_86094.jpg,2,f,"(313, 703, 120, 67)",rhiyasharma,MC_fem_con1,2,m,"(780, 747, 95, 106)",priya,TRUE,0
MC_fem_con1,MC_fem_con1_0002_vid_86094.jpg,2,f,"(749, 752, 128, 119)",rhiyasharma,MC_fem_con1,2,m,"(314, 690, 113, 77)",priya,TRUE,0
MC_fem_con1,MC_fem_con1_0002_vid_86094.jpg,2,f,"(749, 752, 128, 119)",rhiyasharma,MC_fem_con1,2,m,"(780, 747, 95, 106)",priya,TRUE,0.610874133
MC_fem_con1,MC_fem_con1_0002_vid_869561.jpg,1,f,"(330, 583, 50, 109)",rhiyasharma,MC_fem_con1,1,m,"(329, 562, 57, 133)",priya,TRUE,0.718902519
MC_fem_con1,MC_fem_con1_0002_vid_881339.jpg,1,f,"(842, 794, 109, 135)",rhiyasharma,MC_fem_con1,1,m,"(830, 782, 80, 117)",priya,TRUE,0.421612046
MC_fem_con1,MC_fem_con1_0002_vid_921960.jpg,0,"(0,)","(0,)",rhiyasharma,MC_fem_con1,0,"(0,)","(0,)",priya,TRUE,1
MC_fem_con1,MC_fem_con1_0002_vid_97921.jpg,0,"(0,)","(0,)",rhiyasharma,MC_fem_con1,0,"(0,)","(0,)",priya,TRUE,1
MC_fem_con1,MC_fem_con1_0003_vid_1026652.jpg,1,f,"(484, 504, 119, 33)",rhiyasharma,MC_fem_con1,1,m,"(475, 493, 152, 45)",priya,TRUE,0.574122807
MC_fem_con1,MC_fem_con1_0003_vid_1034478.jpg,0,"(0,)","(0,)",rhiyasharma,MC_fem_con1,0,"(0,)","(0,)",priya,TRUE,1
MC_fem_con1,MC_fem_con1_0003_vid_107585.jpg,1,f,"(130, 164, 92, 85)",rhiyasharma,MC_fem_con1,0,"(0,)","(0,)",priya,FALSE,0
MC_fem_con1,MC_fem_con1_0003_vid_108715.jpg,2,f,"(742, 701, 52, 106)",rhiyasharma,MC_fem_con1,1,m,"(743, 723, 47, 89)",priya,FALSE,0.686967113
MC_fem_con1,MC_fem_con1_0003_vid_108715.jpg,2,f,"(707, 905, 150, 43)",rhiyasharma,MC_fem_con1,1,m,"(743, 723, 47, 89)",priya,FALSE,0
MC_fem_con1,MC_fem_con1_0003_vid_126941.jpg,1,f,"(881, 394, 34, 83)",rhiyasharma,MC_fem_con1,1,m,"(888, 384, 31, 104)",priya,TRUE,0.588961892
MC_fem_con1,MC_fem_con1_0003_vid_18505.jpg,0,"(0,)","(0,)",rhiyasharma,MC_fem_con1,0,"(0,)","(0,)",priya,TRUE,1
MC_fem_con1,MC_fem_con1_0003_vid_198694.jpg,0,"(0,)","(0,)",rhiyasharma,MC_fem_con1,0,"(0,)","(0,)",priya,TRUE,1
MC_fem_con1,MC_fem_con1_0003_vid_238296.jpg,0,"(0,)","(0,)",rhiyasharma,MC_fem_con1,0,"(0,)","(0,)",priya,TRUE,1
MC_fem_con1,MC_fem_con1_0003_vid_250956.jpg,1,f,"(182, 587, 147, 64)",rhiyasharma,MC_fem_con1,1,m,"(175, 573, 155, 76)",priya,TRUE,0.754845122
MC_fem_con1,MC_fem_con1_0003_vid_303701.jpg,1,f,"(746, 393, 173, 53)",rhiyasharma,MC_fem_con1,1,m,"(732, 380, 146, 67)",priya,TRUE,0.585194479
MC_fem_con1,MC_fem_con1_0003_vid_327467.jpg,2,f,"(678, 158, 68, 122)",rhiyasharma,MC_fem_con1,2,m,"(673, 156, 67, 106)",priya,TRUE,0.720446927
MC_fem_con1,MC_fem_con1_0003_vid_327467.jpg,2,f,"(678, 158, 68, 122)",rhiyasharma,MC_fem_con1,2,m,"(354, 927, 193, 42)",priya,TRUE,0
MC_fem_con1,MC_fem_con1_0003_vid_327467.jpg,2,f,"(379, 938, 160, 33)",rhiyasharma,MC_fem_con1,2,m,"(673, 156, 67, 106)",priya,TRUE,0
MC_fem_con1,MC_fem_con1_0003_vid_327467.jpg,2,f,"(379, 938, 160, 33)",rhiyasharma,MC_fem_con1,2,m,"(354, 927, 193, 42)",priya,TRUE,0.588654166
MC_fem_con1,MC_fem_con1_0003_vid_36536.jpg,0,"(0,)","(0,)",rhiyasharma,MC_fem_con1,0,"(0,)","(0,)",priya,TRUE,1
MC_fem_con1,MC_fem_con1_0003_vid_366194.jpg,0,"(0,)","(0,)",rhiyasharma,MC_fem_con1,0,"(0,)","(0,)",priya,TRUE,1
MC_fem_con1,MC_fem_con1_0003_vid_452584.jpg,1,f,"(367, 92, 93, 98)",rhiyasharma,MC_fem_con1,0,"(0,)","(0,)",priya,FALSE,0
MC_fem_con1,MC_fem_con1_0003_vid_466707.jpg,0,"(0,)","(0,)",rhiyasharma,MC_fem_con1,0,"(0,)","(0,)",priya,TRUE,1
MC_fem_con1,MC_fem_con1_0003_vid_495727.jpg,0,"(0,)","(0,)",rhiyasharma,MC_fem_con1,0,"(0,)","(0,)",priya,TRUE,1
MC_fem_con1,MC_fem_con1_0003_vid_51089.jpg,1,f,"(51, 445, 214, 93)",rhiyasharma,MC_fem_con1,1,m,"(43, 438, 241, 96)",priya,TRUE,0.793847949
MC_fem_con1,MC_fem_con1_0003_vid_56724.jpg,0,"(0,)","(0,)",rhiyasharma,MC_fem_con1,1,m,"(8, 97, 37, 148)",priya,FALSE,0
MC_fem_con1,MC_fem_con1_0003_vid_589606.jpg,0,"(0,)","(0,)",rhiyasharma,MC_fem_con1,0,"(0,)","(0,)",priya,TRUE,1
MC_fem_con1,MC_fem_con1_0003_vid_590635.jpg,0,"(0,)","(0,)",rhiyasharma,MC_fem_con1,0,"(0,)","(0,)",priya,TRUE,1
MC_fem_con1,MC_fem_con1_0003_vid_604615.jpg,2,f,"(0, 57, 140, 118)",rhiyasharma,MC_fem_con1,1,m,"(136, 399, 126, 102)",priya,FALSE,0
MC_fem_con1,MC_fem_con1_0003_vid_604615.jpg,2,f,"(129, 408, 138, 88)",rhiyasharma,MC_fem_con1,1,m,"(136, 399, 126, 102)",priya,FALSE,0.797238999
MC_fem_con1,MC_fem_con1_0003_vid_619349.jpg,0,"(0,)","(0,)",rhiyasharma,MC_fem_con1,0,"(0,)","(0,)",priya,TRUE,1
MC_fem_con1,MC_fem_con1_0003_vid_631428.jpg,4,f,"(0, 357, 151, 132)",rhiyasharma,MC_fem_con1,4,m,"(117, 275, 80, 128)",priya,TRUE,0.054670022
MC_fem_con1,MC_fem_con1_0003_vid_631428.jpg,4,f,"(0, 357, 151, 132)",rhiyasharma,MC_fem_con1,4,m,"(6, 354, 132, 134)",priya,TRUE,0.850649351
MC_fem_con1,MC_fem_con1_0003_vid_631428.jpg,4,f,"(0, 357, 151, 132)",rhiyasharma,MC_fem_con1,4,m,"(10, 156, 143, 130)",priya,TRUE,0
MC_fem_con1,MC_fem_con1_0003_vid_631428.jpg,4,f,"(0, 357, 151, 132)",rhiyasharma,MC_fem_con1,4,m,"(10, 12, 150, 120)",priya,TRUE,0
MC_fem_con1,MC_fem_con1_0003_vid_631428.jpg,4,f,"(117, 278, 82, 131)",rhiyasharma,MC_fem_con1,4,m,"(117, 275, 80, 128)",priya,TRUE,0.910580951
MC_fem_con1,MC_fem_con1_0003_vid_631428.jpg,4,f,"(117, 278, 82, 131)",rhiyasharma,MC_fem_con1,4,m,"(6, 354, 132, 134)",priya,TRUE,0.042346471
MC_fem_con1,MC_fem_con1_0003_vid_631428.jpg,4,f,"(117, 278, 82, 131)",rhiyasharma,MC_fem_con1,4,m,"(10, 156, 143, 130)",priya,TRUE,0.00991599
MC_fem_con1,MC_fem_con1_0003_vid_631428.jpg,4,f,"(117, 278, 82, 131)",rhiyasharma,MC_fem_con1,4,m,"(10, 12, 150, 120)",priya,TRUE,0
MC_fem_con1,MC_fem_con1_0003_vid_631428.jpg,4,f,"(10, 171, 149, 109)",rhiyasharma,MC_fem_con1,4,m,"(117, 275, 80, 128)",priya,TRUE,0.007993605
MC_fem_con1,MC_fem_con1_0003_vid_631428.jpg,4,f,"(10, 171, 149, 109)",rhiyasharma,MC_fem_con1,4,m,"(6, 354, 132, 134)",priya,TRUE,0
MC_fem_con1,MC_fem_con1_0003_vid_631428.jpg,4,f,"(10, 171, 149, 109)",rhiyasharma,MC_fem_con1,4,m,"(10, 156, 143, 130)",priya,TRUE,0.809966743
MC_fem_con1,MC_fem_con1_0003_vid_631428.jpg,4,f,"(10, 171, 149, 109)",rhiyasharma,MC_fem_con1,4,m,"(10, 12, 150, 120)",priya,TRUE,0
MC_fem_con1,MC_fem_con1_0003_vid_631428.jpg,4,f,"(19, 36, 158, 94)",rhiyasharma,MC_fem_con1,4,m,"(117, 275, 80, 128)",priya,TRUE,0
MC_fem_con1,MC_fem_con1_0003_vid_631428.jpg,4,f,"(19, 36, 158, 94)",rhiyasharma,MC_fem_con1,4,m,"(6, 354, 132, 134)",priya,TRUE,0
MC_fem_con1,MC_fem_con1_0003_vid_631428.jpg,4,f,"(19, 36, 158, 94)",rhiyasharma,MC_fem_con1,4,m,"(10, 156, 143, 130)",priya,TRUE,0
MC_fem_con1,MC_fem_con1_0003_vid_631428.jpg,4,f,"(19, 36, 158, 94)",rhiyasharma,MC_fem_con1,4,m,"(10, 12, 150, 120)",priya,TRUE,0.676293499
MC_fem_con1,MC_fem_con1_0003_vid_674677.jpg,0,"(0,)","(0,)",rhiyasharma,MC_fem_con1,0,"(0,)","(0,)",priya,TRUE,1
MC_fem_con1,MC_fem_con1_0003_vid_675568.jpg,4,f,"(1, 340, 54, 178)",rhiyasharma,MC_fem_con1,4,m,"(190, 1, 102, 129)",priya,TRUE,0
MC_fem_con1,MC_fem_con1_0003_vid_675568.jpg,4,f,"(1, 340, 54, 178)",rhiyasharma,MC_fem_con1,4,m,"(42, 205, 155, 70)",priya,TRUE,0
MC_fem_con1,MC_fem_con1_0003_vid_675568.jpg,4,f,"(1, 340, 54, 178)",rhiyasharma,MC_fem_con1,4,m,"(99, 273, 98, 111)",priya,TRUE,0
MC_fem_con1,MC_fem_con1_0003_vid_675568.jpg,4,f,"(1, 340, 54, 178)",rhiyasharma,MC_fem_con1,4,m,"(3, 351, 55, 163)",priya,TRUE,0.839124839
MC_fem_con1,MC_fem_con1_0003_vid_675568.jpg,4,f,"(60, 201, 147, 78)",rhiyasharma,MC_fem_con1,4,m,"(190, 1, 102, 129)",priya,TRUE,0
MC_fem_con1,MC_fem_con1_0003_vid_675568.jpg,4,f,"(60, 201, 147, 78)",rhiyasharma,MC_fem_con1,4,m,"(42, 205, 155, 70)",priya,TRUE,0.753575358
MC_fem_con1,MC_fem_con1_0003_vid_675568.jpg,4,f,"(60, 201, 147, 78)",rhiyasharma,MC_fem_con1,4,m,"(99, 273, 98, 111)",priya,TRUE,0.027027027
MC_fem_con1,MC_fem_con1_0003_vid_675568.jpg,4,f,"(60, 201, 147, 78)",rhiyasharma,MC_fem_con1,4,m,"(3, 351, 55, 163)",priya,TRUE,0
MC_fem_con1,MC_fem_con1_0003_vid_675568.jpg,4,f,"(68, 272, 135, 95)",rhiyasharma,MC_fem_con1,4,m,"(190, 1, 102, 129)",priya,TRUE,0
MC_fem_con1,MC_fem_con1_0003_vid_675568.jpg,4,f,"(68, 272, 135, 95)",rhiyasharma,MC_fem_con1,4,m,"(42, 205, 155, 70)",priya,TRUE,0.016618001
MC_fem_con1,MC_fem_con1_0003_vid_675568.jpg,4,f,"(68, 272, 135, 95)",rhiyasharma,MC_fem_con1,4,m,"(99, 273, 98, 111)",priya,TRUE,0.63570492
MC_fem_con1,MC_fem_con1_0003_vid_675568.jpg,4,f,"(68, 272, 135, 95)",rhiyasharma,MC_fem_con1,4,m,"(3, 351, 55, 163)",priya,TRUE,0
MC_fem_con1,MC_fem_con1_0003_vid_675568.jpg,4,f,"(201, 3, 88, 139)",rhiyasharma,MC_fem_con1,4,m,"(190, 1, 102, 129)",priya,TRUE,0.786267061
MC_fem_con1,MC_fem_con1_0003_vid_675568.jpg,4,f,"(201, 3, 88, 139)",rhiyasharma,MC_fem_con1,4,m,"(42, 205, 155, 70)",priya,TRUE,0
MC_fem_con1,MC_fem_con1_0003_vid_675568.jpg,4,f,"(201, 3, 88, 139)",rhiyasharma,MC_fem_con1,4,m,"(99, 273, 98, 111)",priya,TRUE,0
MC_fem_con1,MC_fem_con1_0003_vid_675568.jpg,4,f,"(201, 3, 88, 139)",rhiyasharma,MC_fem_con1,4,m,"(3, 351, 55, 163)",priya,TRUE,0
MC_fem_con1,MC_fem_con1_0003_vid_680039.jpg,0,"(0,)","(0,)",rhiyasharma,MC_fem_con1,0,"(0,)","(0,)",priya,TRUE,1
MC_fem_con1,MC_fem_con1_0003_vid_695739.jpg,0,"(0,)","(0,)",rhiyasharma,MC_fem_con1,0,"(0,)","(0,)",priya,TRUE,1
MC_fem_con1,MC_fem_con1_0003_vid_702652.jpg,0,"(0,)","(0,)",rhiyasharma,MC_fem_con1,0,"(0,)","(0,)",priya,TRUE,1
MC_fem_con1,MC_fem_con1_0003_vid_713015.jpg,0,"(0,)","(0,)",rhiyasharma,MC_fem_con1,0,"(0,)","(0,)",priya,TRUE,1
MC_fem_con1,MC_fem_con1_0003_vid_791277.jpg,0,"(0,)","(0,)",rhiyasharma,MC_fem_con1,0,"(0,)","(0,)",priya,TRUE,1
MC_fem_con1,MC_fem_con1_0003_vid_799774.jpg,0,"(0,)","(0,)",rhiyasharma,MC_fem_con1,0,"(0,)","(0,)",priya,TRUE,1
MC_fem_con1,MC_fem_con1_0003_vid_816663.jpg,0,"(0,)","(0,)",rhiyasharma,MC_fem_con1,0,"(0,)","(0,)",priya,TRUE,1
MC_fem_con1,MC_fem_con1_0003_vid_837392.jpg,0,"(0,)","(0,)",rhiyasharma,MC_fem_con1,0,"(0,)","(0,)",priya,TRUE,1
MC_fem_con1,MC_fem_con1_0003_vid_840404.jpg,0,"(0,)","(0,)",rhiyasharma,MC_fem_con1,0,"(0,)","(0,)",priya,TRUE,1
MC_fem_con1,MC_fem_con1_0003_vid_846641.jpg,0,"(0,)","(0,)",rhiyasharma,MC_fem_con1,0,"(0,)","(0,)",priya,TRUE,1
MC_fem_con1,MC_fem_con1_0003_vid_85603.jpg,0,"(0,)","(0,)",rhiyasharma,MC_fem_con1,0,"(0,)","(0,)",priya,TRUE,1
MC_fem_con1,MC_fem_con1_0003_vid_859650.jpg,0,"(0,)","(0,)",rhiyasharma,MC_fem_con1,0,"(0,)","(0,)",priya,TRUE,1
MC_fem_con1,MC_fem_con1_0003_vid_870015.jpg,0,"(0,)","(0,)",rhiyasharma,MC_fem_con1,0,"(0,)","(0,)",priya,TRUE,1
MC_fem_con1,MC_fem_con1_0003_vid_910220.jpg,0,"(0,)","(0,)",rhiyasharma,MC_fem_con1,0,"(0,)","(0,)",priya,TRUE,1
MC_fem_con1,MC_fem_con1_0003_vid_923110.jpg,0,"(0,)","(0,)",rhiyasharma,MC_fem_con1,0,"(0,)","(0,)",priya,TRUE,1
MC_fem_con1,MC_fem_con1_0003_vid_958222.jpg,1,f,"(432, 262, 152, 28)",rhiyasharma,MC_fem_con1,1,m,"(427, 242, 203, 57)",priya,TRUE,0.367816092
MC_fem_con1,MC_fem_con1_0003_vid_96579.jpg,1,f,"(594, 712, 74, 127)",rhiyasharma,MC_fem_con1,1,m,"(606, 686, 63, 150)",priya,TRUE,0.688888889
MC_fem_con1,MC_fem_con1_0004_vid_1027668.jpg,1,f,"(865, 548, 68, 140)",rhiyasharma,MC_fem_con1,1,m,"(862, 541, 68, 143)",priya,TRUE,0.849673203
MC_fem_con1,MC_fem_con1_0004_vid_1067315.jpg,1,f,"(316, 882, 167, 33)",rhiyasharma,MC_fem_con1,1,m,"(332, 875, 141, 39)",priya,TRUE,0.694367498
MC_fem_con1,MC_fem_con1_0004_vid_123058.jpg,1,f,"(851, 13, 96, 101)",rhiyasharma,MC_fem_con1,1,m,"(841, 12, 104, 98)",priya,TRUE,0.846610956
MC_fem_con1,MC_fem_con1_0004_vid_137149.jpg,1,f,"(605, 192, 84, 90)",rhiyasharma,MC_fem_con1,1,m,"(597, 186, 87, 94)",priya,TRUE,0.791258821
MC_fem_con1,MC_fem_con1_0004_vid_151255.jpg,0,"(0,)","(0,)",rhiyasharma,MC_fem_con1,1,m,"(312, 753, 178, 50)",priya,FALSE,0
MC_fem_con1,MC_fem_con1_0004_vid_153776.jpg,0,"(0,)","(0,)",rhiyasharma,MC_fem_con1,0,"(0,)","(0,)",priya,TRUE,1
MC_fem_con1,MC_fem_con1_0004_vid_170333.jpg,1,f,"(639, 250, 74, 102)",rhiyasharma,MC_fem_con1,1,m,"(630, 247, 80, 100)",priya,TRUE,0.795173767
MC_fem_con1,MC_fem_con1_0004_vid_186674.jpg,1,f,"(535, 510, 88, 109)",rhiyasharma,MC_fem_con1,1,m,"(549, 497, 63, 117)",priya,TRUE,0.629334358
MC_fem_con1,MC_fem_con1_0004_vid_198716.jpg,0,"(0,)","(0,)",rhiyasharma,MC_fem_con1,0,"(0,)","(0,)",priya,TRUE,1
MC_fem_con1,MC_fem_con1_0004_vid_205539.jpg,1,f,"(554, 762, 95, 126)",rhiyasharma,MC_fem_con1,1,m,"(540, 764, 87, 113)",priya,TRUE,0.608692444
MC_fem_con1,MC_fem_con1_0004_vid_214474.jpg,1,f,"(379, 215, 73, 118)",rhiyasharma,MC_fem_con1,1,m,"(388, 205, 70, 112)",priya,TRUE,0.657666734
MC_fem_con1,MC_fem_con1_0004_vid_257056.jpg,1,f,"(675, 24, 129, 78)",rhiyasharma,MC_fem_con1,1,m,"(660, 14, 141, 81)",priya,TRUE,0.713567839
MC_fem_con1,MC_fem_con1_0004_vid_272422.jpg,1,f,"(310, 283, 131, 59)",rhiyasharma,MC_fem_con1,1,m,"(279, 258, 150, 78)",priya,TRUE,0.480643195
MC_fem_con1,MC_fem_con1_0004_vid_292578.jpg,1,f,"(242, 908, 87, 49)",rhiyasharma,MC_fem_con1,1,m,"(216, 891, 111, 60)",priya,TRUE,0.502889378